<?xml version="1.0" encoding="UTF-8"?>
<faces-config>
  <managed-bean id="dBar">
    <managed-bean-name>dBar</managed-bean-name>
    <managed-bean-class>eu.linqed.debugtoolbar.DebugToolbar
		</managed-bean-class>
    <managed-bean-scope>session</managed-bean-scope>
    <!-- persistent logs to an external (OpenLog)/ current database -->
    <managed-property>
      <property-name>logDbPath</property-name>
      <value>current</value>
      <!-- can also be the full path to the log database, e.g. logs\openLog.nsf -->
    </managed-property>
    <managed-property>
      <property-name>logEnabled</property-name>
      <value>true</value>
    </managed-property>
    <managed-property>
      <property-name>logLevel</property-name>
      <value>warn</value>
    </managed-property>
  </managed-bean>
  <!--AUTOGEN-START-BUILDER: Automatically generated by IBM Domino Designer. Do not modify.-->
  <!--AUTOGEN-END-BUILDER: End of automatically generated section-->
</faces-config>
